<?xml version="1.0" encoding="UTF-8" ?>
<!DOCTYPE mapper
  PUBLIC "-//mybatis.org//DTD Mapper 3.0//EN"
  "http://mybatis.org/dtd/mybatis-3-mapper.dtd">
  

<mapper namespace="kr.ac.oz.member.MemberDao">

	<resultMap type="MemberVo" id="MemberMap">
	
		<id property="memId" column="mem_id" />
		<result property="memPass" column="mem_pass" />
		<result property="memName" column="mem_name" />
		<result property="memTel" column="mem_tel" />
		
	</resultMap>

	
	 <select id="selectMemberList" resultType="MemberVo">
	  	SELECT mem_id, mem_pass, mem_name, mem_tel
	  	From member
  	 </select>
  
  <select id="selectMember" parameterType="string" resultType="MemberVo">
	SELECT mem_id, mem_pass, mem_name, mem_tel
	  	From member
  	WHERE mem_id = #{memId}
  </select>
  
  <insert id="insertMember" parameterType="MemberVo" >
  	INSERT INTO member 
  	(mem_id, mem_pass, mem_name, mem_tel)
	VALUES (#{memId},#{memPass},#{memName},#{memTel})
  </insert>
  
  <update id="updateMember" parameterType="MemberVo">
  	UPDATE member 
  	SET  mem_name=#{memName}, mem_tel=#{memTel}
  	WHERE mem_id=#{memId}
  </update>
  
  <delete id="deleteMember" parameterType="string">
  	DELETE FROM member 
  	WHERE mem_id=#{memId}
  </delete>
  
  <select id="selectLoginMember" parameterType="MemberVo" resultType="MemberVo">
	SELECT mem_id, mem_pass, mem_name, mem_tel
  	FROM member 
  	WHERE mem_id = #{memId} and mem_pass=#{memPass}
  </select>
  
  
</mapper>